model,mae,rmse,r2,exact_accuracy,within_1_accuracy,within_2_accuracy,within_3_accuracy
Linear Regression,3.488358916084516,4.974030068543153,0.2559105226234165,10.0,10.0,50.0,50.0
Weighted Average,2.61,3.9291220393365234,0.5356992481203008,25.0,35.0,60.0,65.0
Random Forest,3.3620000000000005,4.910285124104302,0.2748601503759398,10.0,40.0,45.0,50.0
