,RMSE,MAE,R²
Linear Regression,4.974030068543153,3.488358916084516,0.2559105226234165
Weighted Average,3.9291220393365234,2.61,0.5356992481203008
Random Forest,4.910285124104302,3.3620000000000005,0.2748601503759398
